date,num_posts,avg_compound,neg_fraction,pos_fraction,high_negative_sentiment,high_positive_sentiment,sentiment_shift_detected,sentiment_improved,sentiment_worsened,sentiment_volatility,fear_keywords_present,anger_mentioned,sadness_keywords_present,anxiety_keywords_present,dominant_emotion_fear,dominant_emotion,mixed_emotions,fear_intensity_norm,anger_intensity_norm
2025-01-03,1,-0.8555,1.0,0.0,1,0,0,0,0,0.0,0,0,0,0,0,fear,0,0.0,0.0
2025-01-07,1,-0.7003,1.0,0.0,1,0,0,0,0,0.0,1,1,0,0,0,fear,0,1.0,1.0
2025-01-08,3,0.06849999999999998,0.3333333333333333,0.3333333333333333,0,0,1,1,0,0.40399621560383736,1,0,1,1,1,fear,1,0.3333333333333333,0.0
2025-01-09,4,-0.057250000000000016,0.5,0.25,0,0,0,0,0,0.3367128359431652,1,1,1,0,0,fear,1,0.25,0.25
2025-01-10,3,-0.08226666666666667,0.6666666666666666,0.3333333333333333,0,0,0,0,0,0.06597093963665523,0,0,1,0,0,sadness,0,0.0,0.0
2025-01-11,1,-0.34,1.0,0.0,1,0,1,0,1,0.127801872365967,0,0,0,0,0,fear,0,0.0,0.0
2025-01-12,1,0.9118,0.0,1.0,0,1,1,1,0,0.5397116770285665,0,0,0,0,0,fear,0,0.0,0.0
2025-01-13,7,-0.29122857142857145,0.42857142857142855,0.14285714285714285,0,0,1,0,1,0.5789511240086936,0,1,1,1,0,anger,1,0.0,0.14285714285714285
2025-01-14,5,-0.24577999999999997,0.4,0.0,0,0,0,0,0,0.5567100554665745,0,0,0,0,0,fear,0,0.0,0.0
2025-01-15,9,-0.1755,0.3333333333333333,0.1111111111111111,0,0,0,0,0,0.04760713449076483,1,1,0,0,0,fear,0,0.1111111111111111,0.1111111111111111
2025-01-16,10,-0.06217,0.3,0.1,0,0,0,0,0,0.07564213949027794,0,0,1,0,0,sadness,0,0.0,0.0
2025-01-17,10,-0.08962,0.5,0.2,0,0,0,0,0,0.04827302651469958,1,1,1,0,0,anger,1,0.1,0.3
2025-01-18,7,-0.19798571428571426,0.5714285714285714,0.42857142857142855,0,0,0,0,0,0.05863497134303974,1,0,0,0,0,fear,0,0.14285714285714285,0.0
2025-01-19,3,-0.19513333333333335,0.6666666666666666,0.3333333333333333,0,0,0,0,0,0.05042522254769562,0,0,0,0,0,fear,0,0.0,0.0
2025-01-20,2,-0.5119,0.5,0.0,1,0,1,0,1,0.14865748699750445,1,0,0,0,1,fear,0,0.5,0.0
2025-01-21,7,0.17541428571428572,0.2857142857142857,0.42857142857142855,0,0,1,1,0,0.28088107140051466,0,0,0,0,0,fear,0,0.0,0.0
2025-01-22,8,-0.1060375,0.5,0.125,0,0,1,0,1,0.2821229842019156,1,1,1,0,0,fear,1,0.125,0.125
2025-01-23,8,-0.1032125,0.5,0.25,0,0,0,0,0,0.13201682301225212,1,0,1,0,1,fear,0,0.375,0.0
2025-01-24,4,-0.430275,0.75,0.0,1,0,1,0,1,0.15351721435776075,1,1,0,0,0,fear,0,0.25,0.25
2025-01-25,5,-0.60122,1.0,0.0,1,0,0,0,0,0.2066138486235992,1,0,1,0,1,fear,0,0.4,0.0
2025-01-26,5,-0.30882,0.6,0.0,1,0,1,1,0,0.11994038799429582,0,0,0,0,0,fear,0,0.0,0.0
2025-01-27,7,-0.21082857142857142,0.42857142857142855,0.14285714285714285,0,0,0,0,0,0.16583309801507934,0,0,0,0,0,fear,0,0.0,0.0
2025-01-28,6,-0.3962833333333333,0.8333333333333334,0.16666666666666666,1,0,0,0,0,0.0757522448984547,1,0,0,0,0,fear,0,0.16666666666666666,0.0
2025-01-29,4,-0.389125,0.5,0.0,1,0,0,0,0,0.08578676852819409,0,0,0,0,0,fear,0,0.0,0.0
2025-01-30,5,0.07575999999999998,0.6,0.4,0,0,1,1,0,0.2208554614084755,0,0,1,0,0,sadness,0,0.0,0.0
2025-01-31,2,-0.27115,0.5,0.0,0,0,1,0,1,0.19731044685694896,0,0,0,0,0,fear,0,0.0,0.0
2025-02-01,6,-0.39461666666666667,0.6666666666666666,0.0,1,0,0,0,0,0.1991216195701685,0,0,1,0,0,sadness,0,0.0,0.0
2025-02-02,3,-0.25383333333333336,0.6666666666666666,0.0,0,0,0,0,0,0.06268424546590338,0,0,0,0,0,fear,0,0.0,0.0
2025-02-03,1,-0.5423,1.0,0.0,1,0,1,0,1,0.11777725288142994,1,0,0,0,1,fear,0,1.0,0.0
2025-02-04,1,0.6681,0.0,1.0,0,1,1,1,0,0.5162086409463275,0,0,0,0,0,fear,0,0.0,0.0
